Model,CV Accuracy (mean),CV Accuracy (std),Test Accuracy,Test F1 (macro)
Random Forest,0.998130841,0.003738318,1,1
Gradient Boosting,0.990654206,0.005910799,0.992537313,0.992732156
SVM (Linear),0.957009346,0.011214953,0.985074627,0.985349797
Logistic Regression,0.945794393,0.003738318,0.985074627,0.984795648
SVM (RBF),0.938317757,0.017333866,0.962686567,0.963283677
Naive Bayes,0.945794393,0.003738318,0.955223881,0.956392322
KNN,0.899065421,0.025354505,0.880597015,0.881119893
